Workbook

Sheet PLAN - EDIT THIS
A1: Year | B1: CDD | C1: CDD Number | D1: CDD Cost | E1: HDD | F1: HDD Number | G1: HDD Cost | H1: BASE_LOAD | I1: BASE_LOAD Number | J1: BASE_LOAD Cost | K1: PV | L1: PV Number | M1: PV Cost | N1: PPA | O1: PPA Number | P1: PPA Cost | Q1: TotalCost | R1: Within Budget
A2: 2025 | B2: small | C2: 40 | D2: {=XLOOKUP(B2,'KEYS - DO NOT EDIT'!$B$2:$B$3,'KEYS - DO NOT EDIT'!$C$2:$C$3)*C2} -> 300000000 | E2: small | F2: 10 | G2: {=XLOOKUP(E2,'KEYS - DO NOT EDIT'!$B$2:$B$3,'KEYS - DO NOT EDIT'!$D$2:$D$3)*F2} -> 50000000 | H2: small | I2: 10 | J2: {=XLOOKUP(H2,'KEYS - DO NOT EDIT'!$B$2:$B$3,'KEYS - DO NOT EDIT'!$E$2:$E$3)*I2} -> 50000000 | K2: large | L2: 50 | M2: {=XLOOKUP(K2,'KEYS - DO NOT EDIT'!$B$2:$B$3,'KEYS - DO NOT EDIT'!$F$2:$F$3)*L2} -> 150000000 | N2: small | O2: 10 | P2: {=XLOOKUP(N2,'KEYS - DO NOT EDIT'!$B$2:$B$3,'KEYS - DO NOT EDIT'!$G$2:$G$3)*O2} -> 15000000 | Q2: =P2+M2+J2+G2+D2 -> 565000000 | R2: =IF(Q2<='KEYS - DO NOT EDIT'!$A$6,TRUE,FALSE) -> FALSE
A3: 2026 | B3: small | C3: 10 | D3: {=XLOOKUP(B3,'KEYS - DO NOT EDIT'!$B$2:$B$3,'KEYS - DO NOT EDIT'!$C$2:$C$3)*C3} -> 75000000 | E3: small | F3: 10 | G3: {=XLOOKUP(E3,'KEYS - DO NOT EDIT'!$B$2:$B$3,'KEYS - DO NOT EDIT'!$D$2:$D$3)*F3} -> 50000000 | H3: small | I3: 10 | J3: {=XLOOKUP(H3,'KEYS - DO NOT EDIT'!$B$2:$B$3,'KEYS - DO NOT EDIT'!$E$2:$E$3)*I3} -> 50000000 | K3: small | L3: 15 | M3: {=XLOOKUP(K3,'KEYS - DO NOT EDIT'!$B$2:$B$3,'KEYS - DO NOT EDIT'!$F$2:$F$3)*L3} -> 15000000 | N3: small | O3: 10 | P3: {=XLOOKUP(N3,'KEYS - DO NOT EDIT'!$B$2:$B$3,'KEYS - DO NOT EDIT'!$G$2:$G$3)*O3} -> 15000000 | Q3: =P3+M3+J3+G3+D3 -> 205000000 | R3: =IF(Q3<='KEYS - DO NOT EDIT'!$A$6,TRUE,FALSE) -> TRUE
A4: 2027 | B4: small | C4: 10 | D4: {=XLOOKUP(B4,'KEYS - DO NOT EDIT'!$B$2:$B$3,'KEYS - DO NOT EDIT'!$C$2:$C$3)*C4} -> 75000000 | E4: small | F4: 10 | G4: {=XLOOKUP(E4,'KEYS - DO NOT EDIT'!$B$2:$B$3,'KEYS - DO NOT EDIT'!$D$2:$D$3)*F4} -> 50000000 | H4: small | I4: 10 | J4: {=XLOOKUP(H4,'KEYS - DO NOT EDIT'!$B$2:$B$3,'KEYS - DO NOT EDIT'!$E$2:$E$3)*I4} -> 50000000 | K4: small | L4: 15 | M4: {=XLOOKUP(K4,'KEYS - DO NOT EDIT'!$B$2:$B$3,'KEYS - DO NOT EDIT'!$F$2:$F$3)*L4} -> 15000000 | N4: small | O4: 10 | P4: {=XLOOKUP(N4,'KEYS - DO NOT EDIT'!$B$2:$B$3,'KEYS - DO NOT EDIT'!$G$2:$G$3)*O4} -> 15000000 | Q4: =P4+M4+J4+G4+D4 -> 205000000 | R4: =IF(Q4<='KEYS - DO NOT EDIT'!$A$6,TRUE,FALSE) -> TRUE
A5: 2028 | B5: small | C5: 10 | D5: {=XLOOKUP(B5,'KEYS - DO NOT EDIT'!$B$2:$B$3,'KEYS - DO NOT EDIT'!$C$2:$C$3)*C5} -> 75000000 | E5: small | F5: 10 | G5: {=XLOOKUP(E5,'KEYS - DO NOT EDIT'!$B$2:$B$3,'KEYS - DO NOT EDIT'!$D$2:$D$3)*F5} -> 50000000 | H5: small | I5: 10 | J5: {=XLOOKUP(H5,'KEYS - DO NOT EDIT'!$B$2:$B$3,'KEYS - DO NOT EDIT'!$E$2:$E$3)*I5} -> 50000000 | K5: small | L5: 15 | M5: {=XLOOKUP(K5,'KEYS - DO NOT EDIT'!$B$2:$B$3,'KEYS - DO NOT EDIT'!$F$2:$F$3)*L5} -> 15000000 | N5: small | O5: 10 | P5: {=XLOOKUP(N5,'KEYS - DO NOT EDIT'!$B$2:$B$3,'KEYS - DO NOT EDIT'!$G$2:$G$3)*O5} -> 15000000 | Q5: =P5+M5+J5+G5+D5 -> 205000000 | R5: =IF(Q5<='KEYS - DO NOT EDIT'!$A$6,TRUE,FALSE) -> TRUE
A6: 2029 | B6: small | C6: 10 | D6: {=XLOOKUP(B6,'KEYS - DO NOT EDIT'!$B$2:$B$3,'KEYS - DO NOT EDIT'!$C$2:$C$3)*C6} -> 75000000 | E6: small | F6: 10 | G6: {=XLOOKUP(E6,'KEYS - DO NOT EDIT'!$B$2:$B$3,'KEYS - DO NOT EDIT'!$D$2:$D$3)*F6} -> 50000000 | H6: small | I6: 10 | J6: {=XLOOKUP(H6,'KEYS - DO NOT EDIT'!$B$2:$B$3,'KEYS - DO NOT EDIT'!$E$2:$E$3)*I6} -> 50000000 | K6: small | L6: 15 | M6: {=XLOOKUP(K6,'KEYS - DO NOT EDIT'!$B$2:$B$3,'KEYS - DO NOT EDIT'!$F$2:$F$3)*L6} -> 15000000 | N6: small | O6: 10 | P6: {=XLOOKUP(N6,'KEYS - DO NOT EDIT'!$B$2:$B$3,'KEYS - DO NOT EDIT'!$G$2:$G$3)*O6} -> 15000000 | Q6: =P6+M6+J6+G6+D6 -> 205000000 | R6: =IF(Q6<='KEYS - DO NOT EDIT'!$A$6,TRUE,FALSE) -> TRUE
A7: 2030 | B7: small | C7: 10 | D7: {=XLOOKUP(B7,'KEYS - DO NOT EDIT'!$B$2:$B$3,'KEYS - DO NOT EDIT'!$C$2:$C$3)*C7} -> 75000000 | E7: small | F7: 10 | G7: {=XLOOKUP(E7,'KEYS - DO NOT EDIT'!$B$2:$B$3,'KEYS - DO NOT EDIT'!$D$2:$D$3)*F7} -> 50000000 | H7: small | I7: 10 | J7: {=XLOOKUP(H7,'KEYS - DO NOT EDIT'!$B$2:$B$3,'KEYS - DO NOT EDIT'!$E$2:$E$3)*I7} -> 50000000 | K7: small | L7: 15 | M7: {=XLOOKUP(K7,'KEYS - DO NOT EDIT'!$B$2:$B$3,'KEYS - DO NOT EDIT'!$F$2:$F$3)*L7} -> 15000000 | N7: small | O7: 10 | P7: {=XLOOKUP(N7,'KEYS - DO NOT EDIT'!$B$2:$B$3,'KEYS - DO NOT EDIT'!$G$2:$G$3)*O7} -> 15000000 | Q7: =P7+M7+J7+G7+D7 -> 205000000 | R7: =IF(Q7<='KEYS - DO NOT EDIT'!$A$6,TRUE,FALSE) -> TRUE
A8: 2031 | B8: small | C8: 10 | D8: {=XLOOKUP(B8,'KEYS - DO NOT EDIT'!$B$2:$B$3,'KEYS - DO NOT EDIT'!$C$2:$C$3)*C8} -> 75000000 | E8: small | F8: 10 | G8: {=XLOOKUP(E8,'KEYS - DO NOT EDIT'!$B$2:$B$3,'KEYS - DO NOT EDIT'!$D$2:$D$3)*F8} -> 50000000 | H8: small | I8: 10 | J8: {=XLOOKUP(H8,'KEYS - DO NOT EDIT'!$B$2:$B$3,'KEYS - DO NOT EDIT'!$E$2:$E$3)*I8} -> 50000000 | K8: small | L8: 15 | M8: {=XLOOKUP(K8,'KEYS - DO NOT EDIT'!$B$2:$B$3,'KEYS - DO NOT EDIT'!$F$2:$F$3)*L8} -> 15000000 | N8: small | O8: 10 | P8: {=XLOOKUP(N8,'KEYS - DO NOT EDIT'!$B$2:$B$3,'KEYS - DO NOT EDIT'!$G$2:$G$3)*O8} -> 15000000 | Q8: =P8+M8+J8+G8+D8 -> 205000000 | R8: =IF(Q8<='KEYS - DO NOT EDIT'!$A$6,TRUE,FALSE) -> TRUE
A9: 2032 | B9: small | C9: 10 | D9: {=XLOOKUP(B9,'KEYS - DO NOT EDIT'!$B$2:$B$3,'KEYS - DO NOT EDIT'!$C$2:$C$3)*C9} -> 75000000 | E9: small | F9: 10 | G9: {=XLOOKUP(E9,'KEYS - DO NOT EDIT'!$B$2:$B$3,'KEYS - DO NOT EDIT'!$D$2:$D$3)*F9} -> 50000000 | H9: small | I9: 10 | J9: {=XLOOKUP(H9,'KEYS - DO NOT EDIT'!$B$2:$B$3,'KEYS - DO NOT EDIT'!$E$2:$E$3)*I9} -> 50000000 | K9: small | L9: 15 | M9: {=XLOOKUP(K9,'KEYS - DO NOT EDIT'!$B$2:$B$3,'KEYS - DO NOT EDIT'!$F$2:$F$3)*L9} -> 15000000 | N9: small | O9: 10 | P9: {=XLOOKUP(N9,'KEYS - DO NOT EDIT'!$B$2:$B$3,'KEYS - DO NOT EDIT'!$G$2:$G$3)*O9} -> 15000000 | Q9: =P9+M9+J9+G9+D9 -> 205000000 | R9: =IF(Q9<='KEYS - DO NOT EDIT'!$A$6,TRUE,FALSE) -> TRUE
A10: 2033 | B10: small | C10: 10 | D10: {=XLOOKUP(B10,'KEYS - DO NOT EDIT'!$B$2:$B$3,'KEYS - DO NOT EDIT'!$C$2:$C$3)*C10} -> 75000000 | E10: small | F10: 10 | G10: {=XLOOKUP(E10,'KEYS - DO NOT EDIT'!$B$2:$B$3,'KEYS - DO NOT EDIT'!$D$2:$D$3)*F10} -> 50000000 | H10: small | I10: 10 | J10: {=XLOOKUP(H10,'KEYS - DO NOT EDIT'!$B$2:$B$3,'KEYS - DO NOT EDIT'!$E$2:$E$3)*I10} -> 50000000 | K10: small | L10: 15 | M10: {=XLOOKUP(K10,'KEYS - DO NOT EDIT'!$B$2:$B$3,'KEYS - DO NOT EDIT'!$F$2:$F$3)*L10} -> 15000000 | N10: small | O10: 10 | P10: {=XLOOKUP(N10,'KEYS - DO NOT EDIT'!$B$2:$B$3,'KEYS - DO NOT EDIT'!$G$2:$G$3)*O10} -> 15000000 | Q10: =P10+M10+J10+G10+D10 -> 205000000 | R10: =IF(Q10<='KEYS - DO NOT EDIT'!$A$6,TRUE,FALSE) -> TRUE
A11: 2034 | B11: small | C11: 10 | D11: {=XLOOKUP(B11,'KEYS - DO NOT EDIT'!$B$2:$B$3,'KEYS - DO NOT EDIT'!$C$2:$C$3)*C11} -> 75000000 | E11: small | F11: 10 | G11: {=XLOOKUP(E11,'KEYS - DO NOT EDIT'!$B$2:$B$3,'KEYS - DO NOT EDIT'!$D$2:$D$3)*F11} -> 50000000 | H11: small | I11: 10 | J11: {=XLOOKUP(H11,'KEYS - DO NOT EDIT'!$B$2:$B$3,'KEYS - DO NOT EDIT'!$E$2:$E$3)*I11} -> 50000000 | K11: small | L11: 15 | M11: {=XLOOKUP(K11,'KEYS - DO NOT EDIT'!$B$2:$B$3,'KEYS - DO NOT EDIT'!$F$2:$F$3)*L11} -> 15000000 | N11: small | O11: 10 | P11: {=XLOOKUP(N11,'KEYS - DO NOT EDIT'!$B$2:$B$3,'KEYS - DO NOT EDIT'!$G$2:$G$3)*O11} -> 15000000 | Q11: =P11+M11+J11+G11+D11 -> 205000000 | R11: =IF(Q11<='KEYS - DO NOT EDIT'!$A$6,TRUE,FALSE) -> TRUE
A12: 2035 | B12: small | C12: 10 | D12: {=XLOOKUP(B12,'KEYS - DO NOT EDIT'!$B$2:$B$3,'KEYS - DO NOT EDIT'!$C$2:$C$3)*C12} -> 75000000 | E12: small | F12: 10 | G12: {=XLOOKUP(E12,'KEYS - DO NOT EDIT'!$B$2:$B$3,'KEYS - DO NOT EDIT'!$D$2:$D$3)*F12} -> 50000000 | H12: small | I12: 10 | J12: {=XLOOKUP(H12,'KEYS - DO NOT EDIT'!$B$2:$B$3,'KEYS - DO NOT EDIT'!$E$2:$E$3)*I12} -> 50000000 | K12: small | L12: 15 | M12: {=XLOOKUP(K12,'KEYS - DO NOT EDIT'!$B$2:$B$3,'KEYS - DO NOT EDIT'!$F$2:$F$3)*L12} -> 15000000 | N12: small | O12: 10 | P12: {=XLOOKUP(N12,'KEYS - DO NOT EDIT'!$B$2:$B$3,'KEYS - DO NOT EDIT'!$G$2:$G$3)*O12} -> 15000000 | Q12: =P12+M12+J12+G12+D12 -> 205000000 | R12: =IF(Q12<='KEYS - DO NOT EDIT'!$A$6,TRUE,FALSE) -> TRUE
A13: 2036 | B13: small | C13: 10 | D13: {=XLOOKUP(B13,'KEYS - DO NOT EDIT'!$B$2:$B$3,'KEYS - DO NOT EDIT'!$C$2:$C$3)*C13} -> 75000000 | E13: small | F13: 10 | G13: {=XLOOKUP(E13,'KEYS - DO NOT EDIT'!$B$2:$B$3,'KEYS - DO NOT EDIT'!$D$2:$D$3)*F13} -> 50000000 | H13: small | I13: 10 | J13: {=XLOOKUP(H13,'KEYS - DO NOT EDIT'!$B$2:$B$3,'KEYS - DO NOT EDIT'!$E$2:$E$3)*I13} -> 50000000 | K13: small | L13: 15 | M13: {=XLOOKUP(K13,'KEYS - DO NOT EDIT'!$B$2:$B$3,'KEYS - DO NOT EDIT'!$F$2:$F$3)*L13} -> 15000000 | N13: small | O13: 10 | P13: {=XLOOKUP(N13,'KEYS - DO NOT EDIT'!$B$2:$B$3,'KEYS - DO NOT EDIT'!$G$2:$G$3)*O13} -> 15000000 | Q13: =P13+M13+J13+G13+D13 -> 205000000 | R13: =IF(Q13<='KEYS - DO NOT EDIT'!$A$6,TRUE,FALSE) -> TRUE
... A27: 2050 | B27: small | C27: 10 | D27: {=XLOOKUP(B27,'KEYS - DO NOT EDIT'!$B$2:$B$3,'KEYS - DO NOT EDIT'!$C$2:$C$3)*C27} -> 75000000 | E27: small | F27: 10 | G27: {=XLOOKUP(E27,'KEYS - DO NOT EDIT'!$B$2:$B$3,'KEYS - DO NOT EDIT'!$D$2:$D$3)*F27} -> 50000000 | H27: small | I27: 10 | J27: {=XLOOKUP(H27,'KEYS - DO NOT EDIT'!$B$2:$B$3,'KEYS - DO NOT EDIT'!$E$2:$E$3)*I27} -> 50000000 | K27: small | L27: 15 | M27: {=XLOOKUP(K27,'KEYS - DO NOT EDIT'!$B$2:$B$3,'KEYS - DO NOT EDIT'!$F$2:$F$3)*L27} -> 15000000 | N27: small | O27: 10 | P27: {=XLOOKUP(N27,'KEYS - DO NOT EDIT'!$B$2:$B$3,'KEYS - DO NOT EDIT'!$G$2:$G$3)*O27} -> 15000000 | Q27: =P27+M27+J27+G27+D27 -> 205000000 | R27: =IF(Q27<='KEYS - DO NOT EDIT'!$A$6,TRUE,FALSE) -> TRUE
P29: TOTAL | Q29: =SUM(Q2:Q27) -> 5720000000 | R29: =IF(Q29<='KEYS - DO NOT EDIT'!$A$6,TRUE,FALSE) -> FALSE

Sheet KEYS - DO NOT EDIT
A1: small | B1: COSTS | C1: CDD | D1: HDD | E1: BASE_LOAD | F1: PV | G1: PPA
A2: large | B2: small | C2: 7500000 | D2: 5000000 | E2: 5000000 | F2: 1000000 | G2: 1500000
B3: large | C3: 15000000 | D3: 10000000 | E3: 10000000 | F3: 3000000 | G3: 6000000
A5: Annual Budget (50 cr)
A6: 500000000
A8: Total Budget (1000 Cr)
A9: 10000000000
